0,^ COBERTURAS DEL SEGURO DE VEHICULO ^,*,*,El seguro del automóvil tiene por objeto#Comma fundamentalmente#Comma reparar o indemnizar los#Newlinedaños accidentales producidos en los vehículos de terceros y en el vehículo asegurado.,SegurosVA.aiml
0,^ COBERTURAS DEL SEGURO DE AUTOMOVIL ^,*,*,El seguro del automóvil tiene por objeto#Comma fundamentalmente#Comma reparar o indemnizar#Newlinelos daños accidentales producidos en los vehículos de terceros y en el vehículo asegurado.,SegurosVA.aiml
0,^ COBERTURA DEL SEGURO DE VEHICULO ^,*,*,La cobertura principal consiste en asegurar los daños causados a terceros en el uso del vehículo (responsabilidad civil del automóvil). #NewlineResponsabilidad civil complementaria.#NewlineDaños propios e incendio.#NewlineRobo del vehículo asegurado.#NewlineRotura del parabrisas y lunas del vehículo.#NewlineAccidentes Personales para Ocupantes del vehículo asegurado.#NewlineAsistencia en viaje.#NewlinePrestación por privación del permiso de conducir.#NewlineSustitución del vehículo asegurado.#Newline#Newline<srai>CONTACTO VA</srai>,SegurosVA.aiml
0,^ COBERTURA DEL SEGURO DE AUTOMOVIL ^,*,*,La cobertura principal consiste en asegurar los daños causados a terceros en el uso del vehículo (responsabilidad civil del automóvil). #NewlineResponsabilidad civil complementaria.#NewlineDaños propios e incendio.#NewlineRobo del vehículo asegurado.#NewlineRotura del parabrisas y lunas del vehículo.#NewlineAccidentes Personales para Ocupantes del vehículo asegurado.#NewlineAsistencia en viaje.#NewlinePrestación por privación del permiso de conducir.#NewlineSustitución del vehículo asegurado.,SegurosVA.aiml
0,^ TIPOS DE COBERTURAS DEL SEGURO DE VEHICULO ^,*,*,Básica: Sólo cubre Responsabilidad Civil a terceros.#NewlineLimitada: Responsabilidad Civil#Comma Robo y Gastos Médicos a ocupantes.#NewlineAmplia: Además de cubrir lo mismo que la limitada#Comma paga los gastos de reparación del vehículo.,SegurosVA.aiml
0,^ TIPOS DE COBERTURAS DEL SEGURO DE AUTOMOVIL ^,*,*,Básica: Sólo cubre Responsabilidad Civil a terceros.#NewlineLimitada: Responsabilidad Civil#Comma Robo y Gastos Médicos a ocupantes.#NewlineAmplia: Además de cubrir lo mismo que la limitada#Comma paga los gastos de reparación del vehículo.,SegurosVA.aiml
