0,^ QUE ES SEGURO ^,*,*,Un contrato individual en el que el Contratante o Asegurado#Comma traslada riesgos a el Asegurador y este ultimo asume la resposabilidad#Newline            de indemnizar al asegurado en caso de un siniestro.,segurosb.aiml
0,^ QUE ES PRIMA ^,*,*,La cantidad a recibir por el Asegurador acordada entre Asegurado y Asegurador para que el Asegurador tome cargo del riesgo que el Asegurado#Newline              desea trasladar.,segurosb.aiml
0,^ QUE ES INFRASEGURO ^,*,*,Sucede cuando el Asegurado traslada un riesgo parcialmente#Comma es decir#Comma no traslada el riesgo en su totalidad sino solo una fraccion del mismo#Comma#Newline               al momento de un siniestro el Asegurador indemnizará la cantidad correspondiente al porcentaje del riesgo que le fue trasladado.,segurosb.aiml
0,^ QUE ES UN SINIESTRO ^,*,*,Un suceso fortuito e imprevisto que causa daños a la persona o a la propiedad de la persona#Comma cuyo resultado puede ser traducido en una#Newline               perdida economica.,segurosb.aiml
0,^ QUE ES COASEGURO ^,*,*,Sucede cuando la aseguradora concluye que el riesgo es demasiado grande para afrontarlo por si sola#Comma por lo que contrata otras aseguradoras#Newline               para cubrir parte del riesgo.,segurosb.aiml
