0,^ QUE ES SEGURO DE RESPONSABILIDAD CIVIL ^,*,*,El traslado del riesgo de incurrir en resposabilidad civil ante terceros.,segurosRC.aiml
0,^ CUBRE EL SEGURO DE RESPONSABILIDAD CIVIL ^,*,*,Toda responsabilidad genereada por el asegurado de indemnizar a terceros en caso de dañar la propiedad de éste ultimo.#Newline#Newline<srai>CONTACTO RC</srai>,segurosRC.aiml
0,^ QUE ES RESPONSABILIDAD CIVIL ^,*,*,La responsabilidad civil es la obligacion de toda persona individual o juridica de indemnizar los daños provocados a un tercero de forma dolosa o culposa.,segurosRC.aiml
0,^ ADQUIRIR EL SEGURO DE RESPONSABILIDAD CIVIL ^,*,*,Para adquirir el seguro de Responsabilidad Civil necesita:#Newline♦Fotocopia de DPI#Newline♦Fotocopia de recibo de servicios con no mas de 6 meses de emitido,segurosRC.aiml
0,^ COBERTURA DEL SEGURO DE RESPONSABILIDAD CIVIL ^,*,*,La cobertura aplica en cualquier caso en que el motivo directo del daño sea el asegurado.,segurosRC.aiml
