<?xml version="1.0" encoding="UTF-8"?>
<project name="module_chatbot" default="compile.module.chatbot">
  <dirname property="module.chatbot.basedir" file="${ant.file.module_chatbot}"/>
  
  <property name="module.jdk.home.chatbot" value="${project.jdk.home}"/>
  <property name="module.jdk.bin.chatbot" value="${project.jdk.bin}"/>
  <property name="module.jdk.classpath.chatbot" value="${project.jdk.classpath}"/>
  
  <property name="compiler.args.chatbot" value="-encoding UTF-8 -source 5 -target 1.5 ${compiler.args}"/>
  
  <property name="chatbot.output.dir" value="${module.chatbot.basedir}/target/classes"/>
  <property name="chatbot.testoutput.dir" value="${module.chatbot.basedir}/target/test-classes"/>
  
  <path id="chatbot.module.bootclasspath">
    <!-- Paths to be included in compilation bootclasspath -->
  </path>
  
  <path id="chatbot.module.production.classpath">
    <path refid="${module.jdk.classpath.chatbot}"/>
  </path>
  
  <path id="chatbot.runtime.production.module.classpath">
    <pathelement location="${chatbot.output.dir}"/>
  </path>
  
  <path id="chatbot.module.classpath">
    <path refid="${module.jdk.classpath.chatbot}"/>
    <pathelement location="${chatbot.output.dir}"/>
  </path>
  
  <path id="chatbot.runtime.module.classpath">
    <pathelement location="${chatbot.testoutput.dir}"/>
    <pathelement location="${chatbot.output.dir}"/>
  </path>
  
  
  <patternset id="excluded.from.module.chatbot">
    <patternset refid="ignored.files"/>
  </patternset>
  
  <patternset id="excluded.from.compilation.chatbot">
    <patternset refid="excluded.from.module.chatbot"/>
  </patternset>
  
  <path id="chatbot.module.sourcepath">
    <dirset dir="${module.chatbot.basedir}">
      <include name="src/main/java"/>
      <include name="src/main/resources"/>
    </dirset>
  </path>
  
  <path id="chatbot.module.test.sourcepath">
    <dirset dir="${module.chatbot.basedir}">
      <include name="src/test/java"/>
    </dirset>
  </path>
  
  
  <target name="compile.module.chatbot" depends="compile.module.chatbot.production,compile.module.chatbot.tests" description="Compile module chatbot"/>
  
  <target name="compile.module.chatbot.production" depends="register.custom.compilers" description="Compile module chatbot; production classes">
    <mkdir dir="${chatbot.output.dir}"/>
    <javac2 destdir="${chatbot.output.dir}" debug="${compiler.debug}" nowarn="${compiler.generate.no.warnings}" memorymaximumsize="${compiler.max.memory}" fork="true" executable="${module.jdk.bin.chatbot}/javac">
      <compilerarg line="${compiler.args.chatbot}"/>
      <bootclasspath refid="chatbot.module.bootclasspath"/>
      <classpath refid="chatbot.module.production.classpath"/>
      <src refid="chatbot.module.sourcepath"/>
      <patternset refid="excluded.from.compilation.chatbot"/>
    </javac2>
    
    <copy todir="${chatbot.output.dir}">
      <fileset dir="${module.chatbot.basedir}/src/main/java">
        <patternset refid="compiler.resources"/>
        <type type="file"/>
      </fileset>
      <fileset dir="${module.chatbot.basedir}/src/main/resources">
        <patternset refid="compiler.resources"/>
        <type type="file"/>
      </fileset>
    </copy>
  </target>
  
  <target name="compile.module.chatbot.tests" depends="register.custom.compilers,compile.module.chatbot.production" description="compile module chatbot; test classes" unless="skip.tests">
    <mkdir dir="${chatbot.testoutput.dir}"/>
    <javac2 destdir="${chatbot.testoutput.dir}" debug="${compiler.debug}" nowarn="${compiler.generate.no.warnings}" memorymaximumsize="${compiler.max.memory}" fork="true" executable="${module.jdk.bin.chatbot}/javac">
      <compilerarg line="${compiler.args.chatbot}"/>
      <bootclasspath refid="chatbot.module.bootclasspath"/>
      <classpath refid="chatbot.module.classpath"/>
      <src refid="chatbot.module.test.sourcepath"/>
      <patternset refid="excluded.from.compilation.chatbot"/>
    </javac2>
    
    <copy todir="${chatbot.testoutput.dir}">
      <fileset dir="${module.chatbot.basedir}/src/test/java">
        <patternset refid="compiler.resources"/>
        <type type="file"/>
      </fileset>
    </copy>
  </target>
  
  <target name="clean.module.chatbot" description="cleanup module">
    <delete dir="${chatbot.output.dir}"/>
    <delete dir="${chatbot.testoutput.dir}"/>
  </target>
</project>